Ford,Dates,Last Price
0,2013-11-01,12.9909
1,2013-11-04,13.0755
2,2013-11-05,13.1447
3,2013-11-06,13.0063
4,2013-11-07,12.7294
5,2013-11-08,12.9601
6,2013-11-11,12.9909
7,2013-11-12,12.8601
8,2013-11-13,13.1524
9,2013-11-14,13.1447
10,2013-11-15,13.1293
11,2013-11-18,13.0601
12,2013-11-19,12.9755
13,2013-11-20,13.014
14,2013-11-21,13.1447
15,2013-11-22,13.0832
16,2013-11-25,13.0294
17,2013-11-26,12.9755
18,2013-11-27,13.0986
19,2013-11-29,13.137
20,2013-12-02,13.1217
21,2013-12-03,12.7371
22,2013-12-04,12.7832
23,2013-12-05,12.8755
24,2013-12-06,12.8448
25,2013-12-09,12.7371
26,2013-12-10,12.714
27,2013-12-11,12.6217
28,2013-12-12,12.6063
29,2013-12-13,12.7602
30,2013-12-16,12.9678
31,2013-12-17,12.8448
32,2013-12-18,12.0372
33,2013-12-19,11.768
34,2013-12-20,11.8603
35,2013-12-23,11.6526
36,2013-12-24,11.6833
37,2013-12-26,11.791
38,2013-12-27,11.768
39,2013-12-30,11.7526
40,2013-12-31,11.8679
41,2014-01-02,11.8756
42,2014-01-03,11.9295
43,2014-01-06,11.9833
44,2014-01-07,11.8295
45,2014-01-08,11.9525
46,2014-01-09,12.1833
47,2014-01-10,12.3602
48,2014-01-13,12.391
49,2014-01-14,12.614
50,2014-01-15,12.8448
51,2014-01-16,12.8678
52,2014-01-17,12.7063
53,2014-01-21,12.6217
54,2014-01-22,12.7294
55,2014-01-23,12.6371
56,2014-01-24,12.1756
57,2014-01-27,12.0833
58,2014-01-28,12.091
59,2014-01-29,11.8313
60,2014-01-30,11.8235
61,2014-01-31,11.5987
62,2014-02-03,11.2808
63,2014-02-04,11.5289
64,2014-02-05,11.4204
65,2014-02-06,11.5134
66,2014-02-07,11.6064
67,2014-02-10,11.5056
68,2014-02-11,11.5987
69,2014-02-12,11.6297
70,2014-02-13,11.6917
71,2014-02-14,11.8158
72,2014-02-18,11.9321
73,2014-02-19,11.8235
74,2014-02-20,11.839
75,2014-02-21,11.7537
76,2014-02-24,11.7692
77,2014-02-25,11.746
78,2014-02-26,11.8313
79,2014-02-27,11.9321
80,2014-02-28,11.9321
81,2014-03-03,11.7848
82,2014-03-04,11.9166
83,2014-03-05,12.1181
84,2014-03-06,12.1491
85,2014-03-07,12.1104
86,2014-03-10,12.0251
87,2014-03-11,11.8623
88,2014-03-12,11.9398
89,2014-03-13,11.7692
90,2014-03-14,11.6917
91,2014-03-17,11.8468
92,2014-03-18,12.0096
93,2014-03-19,12.0018
94,2014-03-20,12.0561
95,2014-03-21,11.9941
96,2014-03-24,11.9321
97,2014-03-25,11.8855
98,2014-03-26,11.8235
99,2014-03-27,11.8235
100,2014-03-28,11.9786
101,2014-03-31,12.0949
102,2014-04-01,12.6531
103,2014-04-02,12.7616
104,2014-04-03,12.7074
105,2014-04-04,12.5058
106,2014-04-07,12.3585
107,2014-04-08,12.4825
108,2014-04-09,12.281
109,2014-04-10,12.1181
110,2014-04-11,12.1181
111,2014-04-14,12.1724
112,2014-04-15,12.281
113,2014-04-16,12.4593
114,2014-04-17,12.405
115,2014-04-21,12.3895
116,2014-04-22,12.4825
117,2014-04-23,12.5833
118,2014-04-24,12.6531
119,2014-04-25,12.2344
120,2014-04-28,12.3817
121,2014-04-29,12.498
122,2014-04-30,12.6191
123,2014-05-01,12.4316
124,2014-05-02,12.4238
125,2014-05-05,12.2988
126,2014-05-06,12.1581
127,2014-05-07,12.08
128,2014-05-08,12.3535
129,2014-05-09,12.3222
130,2014-05-12,12.3769
131,2014-05-13,12.3925
132,2014-05-14,12.3066
133,2014-05-15,12.2597
134,2014-05-16,12.3144
135,2014-05-19,12.4394
136,2014-05-20,12.3222
137,2014-05-21,12.4316
138,2014-05-22,12.4316
139,2014-05-23,12.5176
140,2014-05-27,12.627
141,2014-05-28,12.7442
142,2014-05-29,12.9239
143,2014-05-30,12.8457
144,2014-06-02,12.8457
145,2014-06-03,12.9317
146,2014-06-04,13.1192
147,2014-06-05,13.0333
148,2014-06-06,13.3458
149,2014-06-09,13.2833
150,2014-06-10,13.2911
151,2014-06-11,13.2052
152,2014-06-12,12.9083
153,2014-06-13,12.9395
154,2014-06-16,12.9942
155,2014-06-17,13.1192
156,2014-06-18,13.1505
157,2014-06-19,13.1114
158,2014-06-20,13.0255
159,2014-06-23,13.1895
160,2014-06-24,13.2599
161,2014-06-25,13.4396
162,2014-06-26,13.4396
163,2014-06-27,13.5021
164,2014-06-30,13.4708
165,2014-07-01,13.4474
166,2014-07-02,13.4552
167,2014-07-03,13.5334
168,2014-07-07,13.5334
169,2014-07-08,13.3693
170,2014-07-09,13.6193
171,2014-07-10,13.5177
172,2014-07-11,13.6506
173,2014-07-14,13.7131
174,2014-07-15,13.7053
175,2014-07-16,13.9084
176,2014-07-17,13.8615
177,2014-07-18,13.8459
178,2014-07-21,13.8303
179,2014-07-22,13.924
180,2014-07-23,13.8928
181,2014-07-24,13.9397
182,2014-07-25,13.7678
183,2014-07-28,13.7834
184,2014-07-29,13.7287
185,2014-07-30,13.7405
186,2014-07-31,13.3942
187,2014-08-01,13.229
188,2014-08-04,13.3942
189,2014-08-05,13.2762
190,2014-08-06,13.3627
191,2014-08-07,13.2368
192,2014-08-08,13.4493
193,2014-08-11,13.5123
194,2014-08-12,13.5437
195,2014-08-13,13.709
196,2014-08-14,13.7169
197,2014-08-15,13.6224
198,2014-08-18,13.7169
199,2014-08-19,13.6618
200,2014-08-20,13.7011
201,2014-08-21,13.6933
202,2014-08-22,13.5123
203,2014-08-25,13.5595
204,2014-08-26,13.528
205,2014-08-27,13.6618
206,2014-08-28,13.709
207,2014-08-29,13.7011
208,2014-09-02,13.8507
209,2014-09-03,13.7484
210,2014-09-04,13.591
211,2014-09-05,13.4887
212,2014-09-08,13.2211
213,2014-09-09,13.0873
214,2014-09-10,13.0873
215,2014-09-11,13.1109
216,2014-09-12,13.0558
217,2014-09-15,12.9614
218,2014-09-16,13.0007
219,2014-09-17,13.0086
220,2014-09-18,13.048
221,2014-09-19,13.103
222,2014-09-22,12.8748
223,2014-09-23,12.7253
224,2014-09-24,12.9142
225,2014-09-25,12.7489
226,2014-09-26,12.8512
227,2014-09-29,11.8911
228,2014-09-30,11.6393
229,2014-10-01,11.4819
230,2014-10-02,11.4583
231,2014-10-03,11.4819
232,2014-10-06,11.4268
233,2014-10-07,11.0963
234,2014-10-08,11.1828
235,2014-10-09,10.8917
236,2014-10-10,10.8523
237,2014-10-13,10.6556
238,2014-10-14,10.8444
239,2014-10-15,10.7185
240,2014-10-16,11.0018
241,2014-10-17,11.0333
242,2014-10-20,11.1514
243,2014-10-21,11.2222
244,2014-10-22,11.1199
245,2014-10-23,11.3324
246,2014-10-24,10.8444
247,2014-10-27,10.8759
248,2014-10-28,11.1435
249,2014-10-29,11.0442
250,2014-10-30,11.076
251,2014-10-31,11.1872
252,2014-11-03,11.1078
253,2014-11-04,11.076
254,2014-11-05,11.0681
255,2014-11-06,11.2666
256,2014-11-07,11.2507
257,2014-11-10,11.1157
258,2014-11-11,11.4095
259,2014-11-12,11.5762
260,2014-11-13,11.8541
261,2014-11-14,12.0208
262,2014-11-17,12.3384
263,2014-11-18,12.3067
264,2014-11-19,12.259
265,2014-11-20,12.2749
266,2014-11-21,12.2511
267,2014-11-24,12.4417
268,2014-11-25,12.4496
269,2014-11-26,12.394
270,2014-11-28,12.4893
271,2014-12-01,12.5211
272,2014-12-02,12.6243
273,2014-12-03,12.7116
274,2014-12-04,12.5528
275,2014-12-05,12.4655
276,2014-12-08,12.2511
277,2014-12-09,12.2511
278,2014-12-10,12.0367
279,2014-12-11,12.132
280,2014-12-12,11.9017
281,2014-12-15,11.338
282,2014-12-16,11.1872
283,2014-12-17,11.473
284,2014-12-18,11.7588
285,2014-12-19,11.9335
286,2014-12-22,12.0844
287,2014-12-23,12.1717
288,2014-12-24,12.1479
289,2014-12-26,12.267
290,2014-12-29,12.3226
291,2014-12-30,12.3067
292,2014-12-31,12.3067
293,2015-01-02,12.1955
294,2015-01-05,11.7191
295,2015-01-06,11.608
296,2015-01-07,11.9414
297,2015-01-08,12.2432
298,2015-01-09,12.0764
299,2015-01-12,12.0844
300,2015-01-13,12.0764
301,2015-01-14,11.997
302,2015-01-15,11.7985
303,2015-01-16,11.9256
304,2015-01-20,11.9176
305,2015-01-21,11.8859
306,2015-01-22,11.9335
307,2015-01-23,11.8382
308,2015-01-26,11.9732
309,2015-01-27,11.7906
310,2015-01-28,11.5981
311,2015-01-29,11.9109
312,2015-01-30,11.7986
313,2015-02-02,12.2478
314,2015-02-03,12.5526
315,2015-02-04,12.729
316,2015-02-05,12.713
317,2015-02-06,12.721
318,2015-02-09,12.7691
319,2015-02-10,12.9055
320,2015-02-11,13.0338
321,2015-02-12,13.122
322,2015-02-13,13.0739
323,2015-02-17,12.9215
324,2015-02-18,13.0017
325,2015-02-19,13.1782
326,2015-02-20,13.1541
327,2015-02-23,13.1381
328,2015-02-24,13.122
329,2015-02-25,13.2424
330,2015-02-26,13.1381
331,2015-02-27,13.106
332,2015-03-02,13.2905
333,2015-03-03,12.9696
334,2015-03-04,12.8574
335,2015-03-05,12.9215
336,2015-03-06,12.7772
337,2015-03-09,12.8574
338,2015-03-10,12.6087
339,2015-03-11,12.6328
340,2015-03-12,12.9696
341,2015-03-13,12.9937
342,2015-03-16,13.2263
343,2015-03-17,13.1461
344,2015-03-18,13.2022
345,2015-03-19,13.106
346,2015-03-20,13.2183
347,2015-03-23,13.2905
348,2015-03-24,13.2825
349,2015-03-25,12.9777
350,2015-03-26,12.8413
351,2015-03-27,12.8173
352,2015-03-30,12.9616
353,2015-03-31,12.9456
354,2015-04-01,12.7611
355,2015-04-02,12.8574
356,2015-04-06,12.8333
357,2015-04-07,12.7531
358,2015-04-08,12.8173
359,2015-04-09,12.7932
360,2015-04-10,12.8574
361,2015-04-13,12.729
362,2015-04-14,12.8092
363,2015-04-15,12.8894
364,2015-04-16,12.7852
365,2015-04-17,12.6408
366,2015-04-20,12.7611
367,2015-04-21,12.6889
368,2015-04-22,12.7611
369,2015-04-23,12.6408
370,2015-04-24,12.6488
371,2015-04-27,12.7531
372,2015-04-28,12.8814
373,2015-04-29,12.9705
374,2015-04-30,12.7924
375,2015-05-01,12.8005
376,2015-05-04,12.7762
377,2015-05-05,12.5738
378,2015-05-06,12.5333
379,2015-05-07,12.5576
380,2015-05-08,12.6871
381,2015-05-11,12.6709
382,2015-05-12,12.598
383,2015-05-13,12.4766
384,2015-05-14,12.3632
385,2015-05-15,12.5333
386,2015-05-18,12.6142
387,2015-05-19,12.5495
388,2015-05-20,12.3875
389,2015-05-21,12.5576
390,2015-05-22,12.3632
391,2015-05-26,12.2985
392,2015-05-27,12.4037
393,2015-05-28,12.3794
394,2015-05-29,12.2823
395,2015-06-01,12.4361
396,2015-06-02,12.3552
397,2015-06-03,12.3066
398,2015-06-04,12.1851
399,2015-06-05,11.9665
400,2015-06-08,12.0637
401,2015-06-09,12.0475
402,2015-06-10,12.1689
403,2015-06-11,12.3713
404,2015-06-12,12.3309
405,2015-06-15,12.1851
406,2015-06-16,12.1446
407,2015-06-17,12.1608
408,2015-06-18,12.258
409,2015-06-19,12.2337
410,2015-06-22,12.2499
411,2015-06-23,12.3794
412,2015-06-24,12.5495
413,2015-06-25,12.5009
414,2015-06-26,12.4685
415,2015-06-29,12.1608
416,2015-06-30,12.1527
417,2015-07-01,12.1365
418,2015-07-02,12.0394
419,2015-07-06,11.9746
420,2015-07-07,12.0232
421,2015-07-08,11.6346
422,2015-07-09,11.6022
423,2015-07-10,11.7236
424,2015-07-13,11.8532
425,2015-07-14,11.9908
426,2015-07-15,11.9422
427,2015-07-16,11.7965
428,2015-07-17,11.8937
429,2015-07-20,11.7965
430,2015-07-21,11.7479
431,2015-07-22,11.6751
432,2015-07-23,11.8289
433,2015-07-24,11.6508
434,2015-07-27,11.7803
435,2015-07-28,12.007
436,2015-07-29,12.4405
437,2015-07-30,12.3505
438,2015-07-31,12.1297
439,2015-08-03,12.2197
440,2015-08-04,12.1951
441,2015-08-05,12.1052
442,2015-08-06,12.1297
443,2015-08-07,12.1052
444,2015-08-10,12.2606
445,2015-08-11,12.0234
446,2015-08-12,12.007
447,2015-08-13,12.0315
448,2015-08-14,12.0888
449,2015-08-17,12.007
450,2015-08-18,12.1297
451,2015-08-19,12.0806
452,2015-08-20,11.8025
453,2015-08-21,11.3363
454,2015-08-24,10.7883
455,2015-08-25,10.5511
456,2015-08-26,10.8047
457,2015-08-27,11.0909
458,2015-08-28,11.2382
459,2015-08-31,11.3445
460,2015-09-01,11.2218
461,2015-09-02,11.3445
462,2015-09-03,11.32
463,2015-09-04,11.0909
464,2015-09-08,11.1809
465,2015-09-09,11.0664
466,2015-09-10,11.23
467,2015-09-11,11.2136
468,2015-09-14,11.2709
469,2015-09-15,11.7044
470,2015-09-16,11.9743
471,2015-09-17,11.9416
472,2015-09-18,11.6798
473,2015-09-21,11.7126
474,2015-09-22,11.3854
475,2015-09-23,11.1891
476,2015-09-24,11.1646
477,2015-09-25,11.0664
478,2015-09-28,10.7311
479,2015-09-29,10.7556
480,2015-09-30,11.0991
481,2015-10-01,11.1809
482,2015-10-02,11.4426
483,2015-10-05,11.6062
484,2015-10-06,11.7044
485,2015-10-07,12.0643
486,2015-10-08,12.2606
487,2015-10-09,12.2442
488,2015-10-12,12.2524
489,2015-10-13,12.2197
490,2015-10-14,12.2769
491,2015-10-15,12.4487
492,2015-10-16,12.4978
493,2015-10-19,12.5632
494,2015-10-20,12.5796
495,2015-10-21,12.6041
496,2015-10-22,12.7431
497,2015-10-23,12.8167
498,2015-10-26,12.8249
499,2015-10-27,12.1788
500,2015-10-28,12.3688
501,2015-10-29,12.1705
502,2015-10-30,12.2366
503,2015-11-02,12.187
504,2015-11-03,12.2366
505,2015-11-04,12.1044
506,2015-11-05,12.0383
507,2015-11-06,11.997
508,2015-11-09,11.84
509,2015-11-10,11.7987
510,2015-11-11,11.8235
511,2015-11-12,11.6004
512,2015-11-13,11.5013
513,2015-11-16,11.6004
514,2015-11-17,11.6913
515,2015-11-18,11.9474
516,2015-11-19,12.0383
517,2015-11-20,12.0631
518,2015-11-23,12.0218
519,2015-11-24,12.0218
520,2015-11-25,12.0218
521,2015-11-27,12.0053
522,2015-11-30,11.84
523,2015-12-01,12.03
524,2015-12-02,11.7822
525,2015-12-03,11.5508
526,2015-12-04,11.7326
527,2015-12-07,11.6665
528,2015-12-08,11.5426
529,2015-12-09,11.4765
530,2015-12-10,11.5343
531,2015-12-11,11.2699
532,2015-12-14,11.2534
533,2015-12-15,11.4599
534,2015-12-16,11.8648
535,2015-12-17,11.5508
536,2015-12-18,11.4021
537,2015-12-21,11.3443
538,2015-12-22,11.7326
539,2015-12-23,11.8648
540,2015-12-24,11.8235
541,2015-12-28,11.7161
542,2015-12-29,11.7574
543,2015-12-30,11.7078
544,2015-12-31,11.6417
545,2016-01-04,11.5426
546,2016-01-05,11.336
547,2016-01-06,10.832
548,2016-01-07,10.4932
549,2016-01-08,10.361
550,2016-01-11,10.5511
551,2016-01-12,10.6172
552,2016-01-13,10.0801
553,2016-01-14,10.0719
554,2016-01-15,9.8901
555,2016-01-19,9.8736
556,2016-01-20,9.8323
557,2016-01-21,9.9231
558,2016-01-22,10.0306
559,2016-01-25,9.8984
560,2016-01-26,10.1297
561,2016-01-27,10.1186
562,2016-01-28,9.999
563,2016-01-29,10.1954
564,2016-02-01,10.3064
565,2016-02-02,9.8282
566,2016-02-03,9.7855
567,2016-02-04,9.8453
568,2016-02-05,9.777
569,2016-02-08,9.8965
570,2016-02-09,9.6916
571,2016-02-10,9.6831
572,2016-02-11,9.5379
573,2016-02-12,9.8624
574,2016-02-16,10.1356
575,2016-02-17,10.4772
576,2016-02-18,10.4686
577,2016-02-19,10.332
578,2016-02-22,10.7248
579,2016-02-23,10.6053
580,2016-02-24,10.3149
581,2016-02-25,10.5797
582,2016-02-26,10.648
583,2016-02-29,10.6821
584,2016-03-01,11.1774
585,2016-03-02,11.2884
586,2016-03-03,11.5616
587,2016-03-04,11.6043
588,2016-03-07,11.6299
589,2016-03-08,11.2969
590,2016-03-09,11.2628
591,2016-03-10,11.2286
592,2016-03-11,11.3482
593,2016-03-14,11.3311
594,2016-03-15,11.2969
595,2016-03-16,11.5275
596,2016-03-17,11.5018
597,2016-03-18,11.647
598,2016-03-21,11.6641
599,2016-03-22,11.6043
600,2016-03-23,11.3225
601,2016-03-24,11.1518
602,2016-03-28,11.1774
603,2016-03-29,11.2713
604,2016-03-30,11.3994
605,2016-03-31,11.5275
606,2016-04-01,11.1859
607,2016-04-04,10.9297
608,2016-04-05,10.9041
609,2016-04-06,10.9468
610,2016-04-07,10.6907
611,2016-04-08,10.7163
612,2016-04-11,10.8102
613,2016-04-12,10.9383
614,2016-04-13,11.1518
615,2016-04-14,11.1774
616,2016-04-15,11.0493
617,2016-04-18,11.314
618,2016-04-19,11.4762
619,2016-04-20,11.647
620,2016-04-21,11.6555
621,2016-04-22,11.6214
622,2016-04-25,11.5958
623,2016-04-26,11.7409
624,2016-04-27,11.7927
625,2016-04-28,12.164
626,2016-04-29,11.7064
627,2016-05-02,11.7582
628,2016-05-03,11.5942
629,2016-05-04,11.4906
630,2016-05-05,11.4992
631,2016-05-06,11.6028
632,2016-05-09,11.4992
633,2016-05-10,11.646
634,2016-05-11,11.4992
635,2016-05-12,11.5251
636,2016-05-13,11.4129
637,2016-05-16,11.4992
638,2016-05-17,11.3438
639,2016-05-18,11.3611
640,2016-05-19,11.3007
641,2016-05-20,11.387
642,2016-05-23,11.3352
643,2016-05-24,11.4733
644,2016-05-25,11.6719
645,2016-05-26,11.6201
646,2016-05-27,11.6114
647,2016-05-31,11.646
648,2016-06-01,11.3179
649,2016-06-02,11.4042
650,2016-06-03,11.2575
651,2016-06-06,11.3783
652,2016-06-07,11.551
653,2016-06-08,11.5337
654,2016-06-09,11.4474
655,2016-06-10,11.3093
656,2016-06-13,11.2057
657,2016-06-14,11.0848
658,2016-06-15,11.2316
659,2016-06-16,11.3265
660,2016-06-17,11.4474
661,2016-06-20,11.5855
662,2016-06-21,11.4129
663,2016-06-22,11.3783
664,2016-06-23,11.5683
665,2016-06-24,10.8086
666,2016-06-27,10.4978
667,2016-06-28,10.6963
668,2016-06-29,10.8345
669,2016-06-30,10.8517
670,2016-07-01,10.9812
671,2016-07-05,10.705
672,2016-07-06,10.8517
673,2016-07-07,11.0071
674,2016-07-08,11.3007
675,2016-07-11,11.456
676,2016-07-12,11.6114
677,2016-07-13,11.6373
678,2016-07-14,11.7323
679,2016-07-15,11.715
680,2016-07-18,11.7841
681,2016-07-19,11.7841
682,2016-07-20,11.8618
683,2016-07-21,12.0172
684,2016-07-22,11.9481
685,2016-07-25,11.9395
686,2016-07-26,12.0966
687,2016-07-27,12.0791
688,2016-07-28,11.0929
689,2016-07-29,11.0493
690,2016-08-01,10.8922
691,2016-08-02,10.4209
692,2016-08-03,10.5867
693,2016-08-04,10.5431
694,2016-08-05,10.6391
695,2016-08-08,10.6303
696,2016-08-09,10.7438
697,2016-08-10,10.6914
698,2016-08-11,10.7438
699,2016-08-12,10.7613
700,2016-08-15,10.8485
701,2016-08-16,10.77
702,2016-08-17,10.8136
703,2016-08-18,10.7613
704,2016-08-19,10.8136
705,2016-08-22,10.7874
706,2016-08-23,10.8398
707,2016-08-24,10.7351
708,2016-08-25,10.8834
709,2016-08-26,10.8049
710,2016-08-29,10.8834
711,2016-08-30,10.9533
712,2016-08-31,10.9969
713,2016-09-01,10.8573
714,2016-09-02,10.9096
715,2016-09-06,11.058
716,2016-09-07,11.0842
717,2016-09-08,11.1104
718,2016-09-09,10.8049
719,2016-09-12,11.0842
720,2016-09-13,10.8049
721,2016-09-14,10.5954
722,2016-09-15,10.5692
723,2016-09-16,10.5692
724,2016-09-19,10.5692
725,2016-09-20,10.4732
726,2016-09-21,10.5518
727,2016-09-22,10.6303
728,2016-09-23,10.6216
729,2016-09-26,10.482
730,2016-09-27,10.4558
731,2016-09-28,10.5518
732,2016-09-29,10.4471
733,2016-09-30,10.5343
734,2016-10-03,10.5605
735,2016-10-04,10.6478
736,2016-10-05,10.8922
737,2016-10-06,10.8136
738,2016-10-07,10.7263
739,2016-10-10,10.578
740,2016-10-11,10.4645
741,2016-10-12,10.4383
742,2016-10-13,10.3947
743,2016-10-14,10.3947
744,2016-10-17,10.3685
745,2016-10-18,10.3772
746,2016-10-19,10.482
747,2016-10-20,10.4471
748,2016-10-21,10.4907
749,2016-10-24,10.6391
750,2016-10-25,10.4712
751,2016-10-26,10.4977
752,2016-10-27,10.374
753,2016-10-28,10.3563
754,2016-10-31,10.374
755,2016-11-01,10.2591
756,2016-11-02,10.0735
757,2016-11-03,10.0294
758,2016-11-04,10.0205
759,2016-11-07,10.2326
760,2016-11-08,10.1442
761,2016-11-09,10.2326
762,2016-11-10,10.5507
763,2016-11-11,10.8511
764,2016-11-14,10.6567
765,2016-11-15,10.6391
766,2016-11-16,10.6037
767,2016-11-17,10.4888
768,2016-11-18,10.3916
769,2016-11-21,10.4182
770,2016-11-22,10.5065
771,2016-11-23,10.5154
772,2016-11-25,10.6391
773,2016-11-28,10.533
774,2016-11-29,10.533
775,2016-11-30,10.5684
776,2016-12-01,10.9837
777,2016-12-02,10.8158
778,2016-12-05,10.9925
779,2016-12-06,11.0986
780,2016-12-07,11.5404
781,2016-12-08,11.5139
782,2016-12-09,11.6376
783,2016-12-12,11.3283
784,2016-12-13,11.2841
785,2016-12-14,11.0721
786,2016-12-15,11.1162
787,2016-12-16,11.1604
788,2016-12-19,11.1869
789,2016-12-20,11.293
790,2016-12-21,11.1693
791,2016-12-22,10.9572
792,2016-12-23,11.0102
793,2016-12-27,10.9483
794,2016-12-28,10.8246
795,2016-12-29,10.807
796,2016-12-30,10.7186
797,2017-01-03,11.1251
798,2017-01-04,11.6376
799,2017-01-05,11.2841
800,2017-01-06,11.2753
801,2017-01-09,11.1604
802,2017-01-10,11.3548
803,2017-01-11,11.1958
804,2017-01-12,11.1251
805,2017-01-13,11.1604
806,2017-01-17,11.1427
807,2017-01-18,11.1422
808,2017-01-19,11.1602
809,2017-01-20,11.0973
810,2017-01-23,11.0524
811,2017-01-24,11.3218
812,2017-01-25,11.4834
813,2017-01-26,11.1063
814,2017-01-27,11.214
815,2017-01-30,11.1063
816,2017-01-31,11.0973
817,2017-02-01,11.0614
818,2017-02-02,11.0255
819,2017-02-03,11.2769
820,2017-02-06,11.241
821,2017-02-07,11.0794
822,2017-02-08,11.1153
823,2017-02-09,11.1153
824,2017-02-10,11.232
825,2017-02-13,11.2769
826,2017-02-14,11.3577
827,2017-02-15,11.3397
828,2017-02-16,11.2589
829,2017-02-17,11.2948
830,2017-02-21,11.3936
831,2017-02-22,11.3756
832,2017-02-23,11.2769
833,2017-02-24,11.1961
834,2017-02-27,11.3667
835,2017-02-28,11.2499
836,2017-03-01,11.3936
837,2017-03-02,11.3667
838,2017-03-03,11.3577
839,2017-03-06,11.241
840,2017-03-07,11.1871
841,2017-03-08,11.2499
842,2017-03-09,11.223
843,2017-03-10,11.2499
844,2017-03-13,11.2589
845,2017-03-14,11.2679
846,2017-03-15,11.3577
847,2017-03-16,11.4026
848,2017-03-17,11.2051
849,2017-03-20,11.0255
850,2017-03-21,10.5227
851,2017-03-22,10.5676
852,2017-03-23,10.4778
853,2017-03-24,10.4329
854,2017-03-27,10.2893
855,2017-03-28,10.4598
856,2017-03-29,10.4868
857,2017-03-30,10.4868
858,2017-03-31,10.4509
859,2017-04-03,10.2713
860,2017-04-04,10.2085
861,2017-04-05,10.1097
862,2017-04-06,10.1187
863,2017-04-07,10.0828
864,2017-04-10,10.1007
865,2017-04-11,10.1276
866,2017-04-12,10.0828
867,2017-04-13,9.975
868,2017-04-17,10.1276
869,2017-04-18,10.1367
870,2017-04-19,10.1822
871,2017-04-20,10.437
872,2017-04-21,10.3187
873,2017-04-24,10.4006
874,2017-04-25,10.4461
875,2017-04-26,10.5553
876,2017-04-27,10.437
877,2017-04-28,10.437
878,2017-05-01,10.3915
879,2017-05-02,9.9366
880,2017-05-03,10.073
881,2017-05-04,10.0094
882,2017-05-05,10.1367
883,2017-05-08,10.1276
884,2017-05-09,10.1549
885,2017-05-10,10.0458
886,2017-05-11,10.0185
887,2017-05-12,9.9366
888,2017-05-15,9.9548
889,2017-05-16,9.9548
890,2017-05-17,9.791
891,2017-05-18,9.8183
892,2017-05-19,9.8911
893,2017-05-22,10.1003
894,2017-05-23,10.0549
895,2017-05-24,9.973
896,2017-05-25,9.882
897,2017-05-26,9.9457
898,2017-05-30,10.0821
899,2017-05-31,10.1185
900,2017-06-01,10.3824
901,2017-06-02,10.3278
902,2017-06-05,10.2368
903,2017-06-06,10.1185
904,2017-06-07,10.073
905,2017-06-08,10.1003
906,2017-06-09,10.1276
907,2017-06-12,10.2641
908,2017-06-13,10.255
909,2017-06-14,10.2095
910,2017-06-15,10.2277
911,2017-06-16,10.2095
912,2017-06-19,10.2277
913,2017-06-20,10.1185
914,2017-06-21,10.0458
915,2017-06-22,10.1276
916,2017-06-23,10.0458
917,2017-06-26,10.1731
918,2017-06-27,10.0821
919,2017-06-28,10.0912
920,2017-06-29,10.164
921,2017-06-30,10.1822
922,2017-07-03,10.5189
923,2017-07-05,10.2823
924,2017-07-06,10.1731
925,2017-07-07,10.2459
926,2017-07-10,10.3187
927,2017-07-11,10.3551
928,2017-07-12,10.437
929,2017-07-13,10.5553
930,2017-07-14,10.6281
931,2017-07-17,10.6827
932,2017-07-18,10.6918
933,2017-07-19,10.7646
934,2017-07-20,10.783
935,2017-07-21,10.6264
936,2017-07-24,10.4052
937,2017-07-25,10.3867
938,2017-07-26,10.1932
939,2017-07-27,10.3038
940,2017-07-28,10.2946
941,2017-07-31,10.3407
942,2017-08-01,10.0918
943,2017-08-02,10.1379
944,2017-08-03,10.0734
945,2017-08-04,10.0918
946,2017-08-07,10.0642
947,2017-08-08,10.0365
948,2017-08-09,10.0642
949,2017-08-10,9.9259
950,2017-08-11,9.9259
951,2017-08-14,10.055
952,2017-08-15,9.9904
953,2017-08-16,9.9536
954,2017-08-17,9.8061
955,2017-08-18,9.7324
956,2017-08-21,9.7416
957,2017-08-22,9.8153
958,2017-08-23,9.8706
959,2017-08-24,9.8706
960,2017-08-25,9.972
961,2017-08-28,9.9444
962,2017-08-29,9.9904
963,2017-08-30,10.0826
964,2017-08-31,10.1656
965,2017-09-01,10.4605
966,2017-09-05,10.4697
967,2017-09-06,10.5987
968,2017-09-07,10.5066
969,2017-09-08,10.4697
970,2017-09-11,10.5158
971,2017-09-12,10.6817
972,2017-09-13,10.7093
973,2017-09-14,10.654
974,2017-09-15,10.7093
975,2017-09-18,10.7185
976,2017-09-19,10.8015
977,2017-09-20,10.7923
978,2017-09-21,10.8015
979,2017-09-22,10.9121
980,2017-09-25,11.0042
981,2017-09-26,10.995
982,2017-09-27,11.0134
983,2017-09-28,11.0227
984,2017-09-29,11.0319
985,2017-10-02,11.1425
986,2017-10-03,11.3729
987,2017-10-04,11.336
988,2017-10-05,11.2899
989,2017-10-06,11.3452
990,2017-10-09,11.3729
991,2017-10-10,11.419
992,2017-10-11,11.4097
993,2017-10-12,11.1701
994,2017-10-13,11.1056
995,2017-10-16,11.1701
996,2017-10-17,11.3084
997,2017-10-18,11.2346
998,2017-10-19,11.2715
999,2017-10-20,11.2902
1000,2017-10-23,11.2342
1001,2017-10-24,11.3741
1002,2017-10-25,11.2622
1003,2017-10-26,11.4488
1004,2017-10-27,11.2528
1005,2017-10-30,11.2902
1006,2017-10-31,11.4488
1007,2017-11-01,11.5234
1008,2017-11-02,11.5887
1009,2017-11-03,11.5328
1010,2017-11-06,11.5048
1011,2017-11-07,11.3462
1012,2017-11-08,11.2528
1013,2017-11-09,11.2342
1014,2017-11-10,11.2062
1015,2017-11-13,11.3462
1016,2017-11-14,11.2155
1017,2017-11-15,11.1969
1018,2017-11-16,11.2342
1019,2017-11-17,11.2062
1020,2017-11-20,11.3182
1021,2017-11-21,11.3088
1022,2017-11-22,11.2622
1023,2017-11-24,11.2902
1024,2017-11-27,11.2995
1025,2017-11-28,11.3928
1026,2017-11-29,11.7194
1027,2017-11-30,11.6821
1028,2017-12-01,11.738
1029,2017-12-04,11.7847
1030,2017-12-05,11.5981
1031,2017-12-06,11.5514
1032,2017-12-07,11.6914
1033,2017-12-08,11.766
1034,2017-12-11,11.738
1035,2017-12-12,11.7567
1036,2017-12-13,11.7847
1037,2017-12-14,11.6261
1038,2017-12-15,11.738
1039,2017-12-18,11.8127
1040,2017-12-19,11.8407
1041,2017-12-20,11.8687
1042,2017-12-21,11.7847
1043,2017-12-22,11.738
1044,2017-12-26,11.7567
1045,2017-12-27,11.6634
1046,2017-12-28,11.738
1047,2017-12-29,11.6541
1048,2018-01-02,11.8127
1049,2018-01-03,11.906
1050,2018-01-04,12.1113
1051,2018-01-05,12.3165
1052,2018-01-08,12.2699
1053,2018-01-09,12.2046
1054,2018-01-10,12.1579
1055,2018-01-11,12.2792
1056,2018-01-12,12.3445
1057,2018-01-16,12.2232
1058,2018-01-17,11.3648
1059,2018-01-18,11.2622
1060,2018-01-19,11.1969
1061,2018-01-22,11.2155
1062,2018-01-23,11.1595
1063,2018-01-24,11.2435
1064,2018-01-25,10.7956
1065,2018-01-26,10.8703
1066,2018-01-29,10.6297
1067,2018-01-30,10.5724
1068,2018-01-31,10.4863
1069,2018-02-01,10.4385
1070,2018-02-02,10.2378
1071,2018-02-05,9.7885
1072,2018-02-06,10.2856
1073,2018-02-07,10.2856
1074,2018-02-08,9.9701
1075,2018-02-09,10.0657
1076,2018-02-12,10.2282
1077,2018-02-13,10.1231
1078,2018-02-14,10.2665
1079,2018-02-15,10.2856
1080,2018-02-16,10.1422
1081,2018-02-20,10.1613
1082,2018-02-21,10.1326
1083,2018-02-22,10.1613
1084,2018-02-23,10.2282
1085,2018-02-26,10.4099
1086,2018-02-27,10.1422
1087,2018-02-28,10.1422
1088,2018-03-01,9.8363
1089,2018-03-02,9.9415
1090,2018-03-05,10.1135
1091,2018-03-06,10.1613
1092,2018-03-07,10.1613
1093,2018-03-08,10.1422
1094,2018-03-09,10.2569
1095,2018-03-12,10.3334
1096,2018-03-13,10.3047
1097,2018-03-14,10.5341
1098,2018-03-15,10.5819
1099,2018-03-16,10.6584
1100,2018-03-19,10.5246
1101,2018-03-20,10.5054
1102,2018-03-21,10.6106
1103,2018-03-22,10.276
1104,2018-03-23,10.0944
1105,2018-03-26,10.3525
1106,2018-03-27,10.3525
1107,2018-03-28,10.3812
1108,2018-03-29,10.5915
1109,2018-04-02,10.3812
1110,2018-04-03,10.6584
1111,2018-04-04,10.8305
1112,2018-04-05,10.8496
1113,2018-04-06,10.6871
1114,2018-04-09,10.754
1115,2018-04-10,10.9452
1116,2018-04-11,10.926
1117,2018-04-12,10.8113
1118,2018-04-13,10.7827
1119,2018-04-16,10.8783
1120,2018-04-17,10.8783
1121,2018-04-18,10.8305
1122,2018-04-19,10.6173
1123,2018-04-20,10.4817
1124,2018-04-23,10.6948
1125,2018-04-24,10.6173
1126,2018-04-25,10.7626
1127,2018-04-26,11.0726
1128,2018-04-27,11.1308
1129,2018-04-30,10.8886
1130,2018-05-01,10.908
1131,2018-05-02,10.8595
1132,2018-05-03,10.8498
1133,2018-05-04,11.0048
1134,2018-05-07,10.9855
1135,2018-05-08,10.9176
1136,2018-05-09,10.7142
1137,2018-05-10,10.8595
1138,2018-05-11,10.8401
1139,2018-05-14,10.8305
1140,2018-05-15,10.8692
1141,2018-05-16,11.0436
1142,2018-05-17,11.1017
1143,2018-05-18,10.9758
1144,2018-05-21,11.1501
1145,2018-05-22,11.1598
1146,2018-05-23,11.0823
1147,2018-05-24,11.2567
1148,2018-05-25,11.1501
1149,2018-05-29,11.0823
1150,2018-05-30,11.1889
1151,2018-05-31,11.1889
1152,2018-06-01,11.3439
1153,2018-06-04,11.3729
1154,2018-06-05,11.4601
1155,2018-06-06,11.5958
1156,2018-06-07,11.6539
1157,2018-06-08,11.7217
1158,2018-06-11,11.6539
1159,2018-06-12,11.7314
1160,2018-06-13,11.6442
1161,2018-06-14,11.5183
1162,2018-06-15,11.5086
1163,2018-06-18,11.6151
1164,2018-06-19,11.5183
1165,2018-06-20,11.4989
1166,2018-06-21,11.3439
1167,2018-06-22,11.2858
1168,2018-06-25,11.1404
1169,2018-06-26,11.1598
1170,2018-06-27,11.063
1171,2018-06-28,10.9273
1172,2018-06-29,10.7239
1173,2018-07-02,10.753
1174,2018-07-03,10.6464
1175,2018-07-05,10.7045
1176,2018-07-06,10.7142
1177,2018-07-09,10.8498
1178,2018-07-10,10.8983
1179,2018-07-11,10.7239
1180,2018-07-12,10.7045
1181,2018-07-13,10.6367
1182,2018-07-16,10.5108
1183,2018-07-17,10.5205
1184,2018-07-18,10.5301
1185,2018-07-19,10.4817
1186,2018-07-20,10.3736
1187,2018-07-23,10.2852
1188,2018-07-24,10.3835
1189,2018-07-25,10.3344
1190,2018-07-26,9.7155
1191,2018-07-27,9.7548
1192,2018-07-30,9.8923
1193,2018-07-31,9.8628
1194,2018-08-01,9.7253
1195,2018-08-02,9.7449
1196,2018-08-03,9.8628
1197,2018-08-06,9.853
1198,2018-08-07,9.9021
1199,2018-08-08,9.8726
1200,2018-08-09,9.7351
1201,2018-08-10,9.5681
1202,2018-08-13,9.2931
1203,2018-08-14,9.3324
1204,2018-08-15,9.2832
1205,2018-08-16,9.3422
1206,2018-08-17,9.3815
1207,2018-08-20,9.5485
1208,2018-08-21,9.686
1209,2018-08-22,9.519
1210,2018-08-23,9.4601
1211,2018-08-24,9.5092
1212,2018-08-27,9.8137
1213,2018-08-28,9.8334
1214,2018-08-29,9.7941
1215,2018-08-30,9.5288
1216,2018-08-31,9.3127
1217,2018-09-04,9.3029
1218,2018-09-05,9.3225
1219,2018-09-06,9.2636
1220,2018-09-07,9.1064
1221,2018-09-10,9.2145
1222,2018-09-11,9.1457
1223,2018-09-12,9.1752
1224,2018-09-13,9.2046
1225,2018-09-14,9.2832
1226,2018-09-17,9.3815
1227,2018-09-18,9.4109
1228,2018-09-19,9.6074
1229,2018-09-20,9.6369
1230,2018-09-21,9.6762
1231,2018-09-24,9.4208
1232,2018-09-25,9.2243
1233,2018-09-26,9.1064
1234,2018-09-27,9.0671
1235,2018-09-28,9.0868
1236,2018-10-01,9.1555
1237,2018-10-02,9.0376
1238,2018-10-03,8.9689
1239,2018-10-04,8.9885
1240,2018-10-05,8.9591
1241,2018-10-08,9.0966
1242,2018-10-09,8.7921
1243,2018-10-10,8.6644
1244,2018-10-11,8.6545
1245,2018-10-12,8.4875
1246,2018-10-15,8.6545
1247,2018-10-16,8.6447
1248,2018-10-17,8.6054
1249,2018-10-18,8.3598
1250,2018-10-19,8.35
1251,2018-10-22,8.41
1252,2018-10-23,8.59
1253,2018-10-24,8.18
1254,2018-10-25,8.99
1255,2018-10-26,8.98
1256,2018-10-29,9.28
1257,2018-10-30,9.46
1258,2018-10-31,9.55
