Honda,Dates,Last Price
0,2013-11-01,35.38
1,2013-11-04,35.3535
2,2013-11-05,35.1771
3,2013-11-06,35.2036
4,2013-11-07,34.5065
5,2013-11-08,34.9565
6,2013-11-11,35.08
7,2013-11-12,35.3535
8,2013-11-13,35.98
9,2013-11-14,36.1123
10,2013-11-15,36.3241
11,2013-11-18,36.377
12,2013-11-19,36.1476
13,2013-11-20,36.3417
14,2013-11-21,37.4358
15,2013-11-22,37.674
16,2013-11-25,37.5946
17,2013-11-26,37.1534
18,2013-11-27,37.074
19,2013-11-29,37.374
20,2013-12-02,36.9505
21,2013-12-03,36.6329
22,2013-12-04,36.5358
23,2013-12-05,36.2447
24,2013-12-06,37.0034
25,2013-12-09,36.5711
26,2013-12-10,36.4388
27,2013-12-11,35.9447
28,2013-12-12,35.8123
29,2013-12-13,35.6006
30,2013-12-16,35.2653
31,2013-12-17,35.2036
32,2013-12-18,36.5623
33,2013-12-19,35.8653
34,2013-12-20,36.4388
35,2013-12-23,36.7211
36,2013-12-24,36.1741
37,2013-12-26,36.4431
38,2013-12-27,36.5672
39,2013-12-30,36.5406
40,2013-12-31,36.6558
41,2014-01-02,36.0707
42,2014-01-03,36.0707
43,2014-01-06,36.1683
44,2014-01-07,36.0885
45,2014-01-08,36.0353
46,2014-01-09,36.1062
47,2014-01-10,36.2037
48,2014-01-13,35.6541
49,2014-01-14,35.5389
50,2014-01-15,35.397
51,2014-01-16,35.397
52,2014-01-17,35.2463
53,2014-01-21,35.3084
54,2014-01-22,35.2109
55,2014-01-23,34.5194
56,2014-01-24,33.6861
57,2014-01-27,33.757
58,2014-01-28,33.7393
59,2014-01-29,33.8989
60,2014-01-30,33.8634
61,2014-01-31,33.2518
62,2014-02-03,32.3032
63,2014-02-04,31.8423
64,2014-02-05,31.8866
65,2014-02-06,31.8245
66,2014-02-07,32.4007
67,2014-02-10,32.3387
68,2014-02-11,32.5337
69,2014-02-12,32.9947
70,2014-02-13,32.8174
71,2014-02-14,32.578
72,2014-02-18,32.9504
73,2014-02-19,32.4451
74,2014-02-20,32.055
75,2014-02-21,32.0373
76,2014-02-24,32.0195
77,2014-02-25,32.1259
78,2014-02-26,31.9664
79,2014-02-27,32.2944
80,2014-02-28,31.9575
81,2014-03-03,32.2678
82,2014-03-04,32.7376
83,2014-03-05,32.7287
84,2014-03-06,33.0656
85,2014-03-07,32.906
86,2014-03-10,32.4185
87,2014-03-11,32.7021
88,2014-03-12,32.4096
89,2014-03-13,31.7713
90,2014-03-14,31.4433
91,2014-03-17,31.8245
92,2014-03-18,31.3458
93,2014-03-19,31.204
94,2014-03-20,31.0267
95,2014-03-21,31.0356
96,2014-03-24,30.4948
97,2014-03-25,30.7164
98,2014-03-26,30.7301
99,2014-03-27,30.8193
100,2014-03-28,31.078
101,2014-03-31,31.524
102,2014-04-01,31.3991
103,2014-04-02,31.6756
104,2014-04-03,31.747
105,2014-04-04,31.4348
106,2014-04-07,30.7212
107,2014-04-08,30.1146
108,2014-04-09,30.4982
109,2014-04-10,29.7221
110,2014-04-11,30.0968
111,2014-04-14,30.5071
112,2014-04-15,30.4
113,2014-04-16,30.8282
114,2014-04-17,30.4803
115,2014-04-21,30.1592
116,2014-04-22,30.0165
117,2014-04-23,30.1949
118,2014-04-24,30.0432
119,2014-04-25,29.4634
120,2014-04-28,29.1512
121,2014-04-29,29.2493
122,2014-04-30,29.7043
123,2014-05-01,30.0343
124,2014-05-02,30.0789
125,2014-05-05,30.1503
126,2014-05-06,30.0254
127,2014-05-07,29.9273
128,2014-05-08,29.4813
129,2014-05-09,29.3742
130,2014-05-12,29.3296
131,2014-05-13,30.1235
132,2014-05-14,29.8648
133,2014-05-15,29.4902
134,2014-05-16,29.7489
135,2014-05-19,27.5532
136,2014-05-20,29.9808
137,2014-05-21,30.2752
138,2014-05-22,30.5606
139,2014-05-23,30.962
140,2014-05-27,31.1137
141,2014-05-28,30.8639
142,2014-05-29,31.1047
143,2014-05-30,31.3813
144,2014-06-02,31.4615
145,2014-06-03,31.3813
146,2014-06-04,31.1315
147,2014-06-05,31.2475
148,2014-06-06,31.301
149,2014-06-09,31.2207
150,2014-06-10,31.0869
151,2014-06-11,31.1047
152,2014-06-12,30.9531
153,2014-06-13,30.9353
154,2014-06-16,30.9263
155,2014-06-17,30.9888
156,2014-06-18,31.2207
157,2014-06-19,31.8005
158,2014-06-20,31.7827
159,2014-06-23,31.3723
160,2014-06-24,31.1047
161,2014-06-25,31.301
162,2014-06-26,31.2382
163,2014-06-27,31.2741
164,2014-06-30,31.3997
165,2014-07-01,31.6151
166,2014-07-02,31.4446
167,2014-07-03,31.4087
168,2014-07-07,31.5613
169,2014-07-08,31.3997
170,2014-07-09,31.7766
171,2014-07-10,31.3997
172,2014-07-11,31.3728
173,2014-07-14,31.6061
174,2014-07-15,31.7407
175,2014-07-16,32.0279
176,2014-07-17,31.4985
177,2014-07-18,31.669
178,2014-07-21,31.651
179,2014-07-22,31.8125
180,2014-07-23,31.5433
181,2014-07-24,31.5254
182,2014-07-25,31.3997
183,2014-07-28,31.5702
184,2014-07-29,32.3241
185,2014-07-30,32.1625
186,2014-07-31,31.301
187,2014-08-01,31.0498
188,2014-08-04,30.96
189,2014-08-05,30.6998
190,2014-08-06,30.5652
191,2014-08-07,30.5023
192,2014-08-08,30.6908
193,2014-08-11,30.5293
194,2014-08-12,30.4306
195,2014-08-13,30.8164
196,2014-08-14,30.6011
197,2014-08-15,30.4754
198,2014-08-18,30.619
199,2014-08-19,30.5831
200,2014-08-20,30.5921
201,2014-08-21,31.1664
202,2014-08-22,30.8254
203,2014-08-25,30.96
204,2014-08-26,30.7626
205,2014-08-27,30.4665
206,2014-08-28,30.5741
207,2014-08-29,30.5562
208,2014-09-02,30.3049
209,2014-09-03,30.4754
210,2014-09-04,30.4126
211,2014-09-05,30.3767
212,2014-09-08,30.3767
213,2014-09-09,30.2331
214,2014-09-10,30.7177
215,2014-09-11,30.8703
216,2014-09-12,30.96
217,2014-09-15,30.96
218,2014-09-16,30.628
219,2014-09-17,30.4485
220,2014-09-18,30.9869
221,2014-09-19,30.9241
222,2014-09-22,31.0408
223,2014-09-23,30.7985
224,2014-09-24,31.1933
225,2014-09-25,30.9996
226,2014-09-26,31.0537
227,2014-09-29,30.7109
228,2014-09-30,30.9274
229,2014-10-01,30.4853
230,2014-10-02,28.8704
231,2014-10-03,29.3034
232,2014-10-06,29.52
233,2014-10-07,29.4027
234,2014-10-08,29.6463
235,2014-10-09,29.0057
236,2014-10-10,28.5997
237,2014-10-13,28.32
238,2014-10-14,28.4644
239,2014-10-15,28.1937
240,2014-10-16,27.887
241,2014-10-17,28.0855
242,2014-10-20,28.5185
243,2014-10-21,28.4644
244,2014-10-22,28.5276
245,2014-10-23,28.5276
246,2014-10-24,28.0313
247,2014-10-27,27.8058
248,2014-10-28,27.057
249,2014-10-29,27.6885
250,2014-10-30,28.4464
251,2014-10-31,28.9787
252,2014-11-03,29.2313
253,2014-11-04,27.9862
254,2014-11-05,28.5907
255,2014-11-06,28.5636
256,2014-11-07,28.5276
257,2014-11-10,28.4644
258,2014-11-11,27.9772
259,2014-11-12,28.1396
260,2014-11-13,28.4464
261,2014-11-14,28.8614
262,2014-11-17,28.4283
263,2014-11-18,28.5546
264,2014-11-19,28.0855
265,2014-11-20,28.1125
266,2014-11-21,28.6358
267,2014-11-24,28.5817
268,2014-11-25,28.6809
269,2014-11-26,27.9411
270,2014-11-28,27.3547
271,2014-12-01,27.5261
272,2014-12-02,27.7517
273,2014-12-03,28.1577
274,2014-12-04,28.1577
275,2014-12-05,28.0945
276,2014-12-08,27.5532
277,2014-12-09,27.9772
278,2014-12-10,27.1923
279,2014-12-11,27.1201
280,2014-12-12,26.4705
281,2014-12-15,26.1006
282,2014-12-16,26.0465
283,2014-12-17,26.8946
284,2014-12-18,27.1923
285,2014-12-19,27.3637
286,2014-12-22,27.2464
287,2014-12-23,27.2735
288,2014-12-24,27.3998
289,2014-12-26,27.5306
290,2014-12-29,27.2674
291,2014-12-30,26.868
292,2014-12-31,26.7954
293,2015-01-02,26.8589
294,2015-01-05,26.3052
295,2015-01-06,26.16
296,2015-01-07,26.4232
297,2015-01-08,26.7591
298,2015-01-09,26.6955
299,2015-01-12,26.6955
300,2015-01-13,27.0586
301,2015-01-14,27.458
302,2015-01-15,27.5034
303,2015-01-16,27.9935
304,2015-01-20,27.9391
305,2015-01-21,28.2205
306,2015-01-22,28.3929
307,2015-01-23,28.2931
308,2015-01-26,28.1932
309,2015-01-27,27.9845
310,2015-01-28,27.6668
311,2015-01-29,27.8029
312,2015-01-30,27.4308
313,2015-02-02,28.6743
314,2015-02-03,28.3475
315,2015-02-04,28.4292
316,2015-02-05,29.0374
317,2015-02-06,29.0737
318,2015-02-09,28.9829
319,2015-02-10,29.4912
320,2015-02-11,29.5003
321,2015-02-12,29.7091
322,2015-02-13,29.8362
323,2015-02-17,30.0722
324,2015-02-18,30.1811
325,2015-02-19,30.29
326,2015-02-20,30.4171
327,2015-02-23,30.2265
328,2015-02-24,30.1266
329,2015-02-25,30.2537
330,2015-02-26,30.5533
331,2015-02-27,30.0812
332,2015-03-02,30.1448
333,2015-03-03,30.1811
334,2015-03-04,30.0268
335,2015-03-05,30.172
336,2015-03-06,30.4262
337,2015-03-09,30.3717
338,2015-03-10,30.2446
339,2015-03-11,30.2991
340,2015-03-12,31.1342
341,2015-03-13,30.9436
342,2015-03-16,31.2522
343,2015-03-17,30.8709
344,2015-03-18,31.1705
345,2015-03-19,30.7893
346,2015-03-20,31.1886
347,2015-03-23,31.3248
348,2015-03-24,30.8891
349,2015-03-25,30.7802
350,2015-03-26,30.6147
351,2015-03-27,30.5326
352,2015-03-30,30.7242
353,2015-03-31,29.8938
354,2015-04-01,29.8482
355,2015-04-02,30.0854
356,2015-04-06,30.9432
357,2015-04-07,30.8063
358,2015-04-08,30.8519
359,2015-04-09,31.0983
360,2015-04-10,31.6276
361,2015-04-13,30.6786
362,2015-04-14,31.1987
363,2015-04-15,31.5819
364,2015-04-16,31.9926
365,2015-04-17,32.1021
366,2015-04-20,31.9469
367,2015-04-21,32.2298
368,2015-04-22,32.3667
369,2015-04-23,32.9416
370,2015-04-24,33.1788
371,2015-04-27,33.0511
372,2015-04-28,30.8063
373,2015-04-29,30.5508
374,2015-04-30,30.5964
375,2015-05-01,31.2261
376,2015-05-04,31.2443
377,2015-05-05,30.7972
378,2015-05-06,30.8611
379,2015-05-07,31.2169
380,2015-05-08,32.2755
381,2015-05-11,31.8739
382,2015-05-12,31.6093
383,2015-05-13,31.7188
384,2015-05-14,32.0108
385,2015-05-15,31.9378
386,2015-05-18,32.1203
387,2015-05-19,31.8101
388,2015-05-20,31.6184
389,2015-05-21,31.1531
390,2015-05-22,31.1348
391,2015-05-26,31.0071
392,2015-05-27,31.3356
393,2015-05-28,31.5637
394,2015-05-29,31.2261
395,2015-06-01,31.2717
396,2015-06-02,30.9341
397,2015-06-03,31.4816
398,2015-06-04,31.0527
399,2015-06-05,30.8702
400,2015-06-08,30.7333
401,2015-06-09,30.4869
402,2015-06-10,30.9341
403,2015-06-11,30.8976
404,2015-06-12,30.2588
405,2015-06-15,30.0398
406,2015-06-16,29.8573
407,2015-06-17,29.7569
408,2015-06-18,29.6839
409,2015-06-19,29.6383
410,2015-06-22,30.2314
411,2015-06-23,30.5782
412,2015-06-24,29.7387
413,2015-06-25,29.8938
414,2015-06-26,30.0033
415,2015-06-29,29.2003
416,2015-06-30,29.5653
417,2015-07-01,29.0908
418,2015-07-02,29.9656
419,2015-07-06,29.7729
420,2015-07-07,29.5893
421,2015-07-08,28.488
422,2015-07-09,28.7266
423,2015-07-10,29.0754
424,2015-07-13,29.1029
425,2015-07-14,29.4241
426,2015-07-15,29.5893
427,2015-07-16,29.47
428,2015-07-17,29.4884
429,2015-07-20,29.5526
430,2015-07-21,28.9102
431,2015-07-22,28.9744
432,2015-07-23,28.8551
433,2015-07-24,28.5339
434,2015-07-27,28.5889
435,2015-07-28,28.5981
436,2015-07-29,28.8459
437,2015-07-30,29.0478
438,2015-07-31,31.1679
439,2015-08-03,31.792
440,2015-08-04,31.7828
441,2015-08-05,32.1316
442,2015-08-06,32.6455
443,2015-08-07,32.3518
444,2015-08-10,32.6914
445,2015-08-11,32.0582
446,2015-08-12,31.6543
447,2015-08-13,31.7094
448,2015-08-14,31.278
449,2015-08-17,31.3147
450,2015-08-18,31.1587
451,2015-08-19,30.7365
452,2015-08-20,29.6994
453,2015-08-21,28.9193
454,2015-08-24,27.7629
455,2015-08-25,27.5151
456,2015-08-26,28.5339
457,2015-08-27,28.7908
458,2015-08-28,29.2956
459,2015-08-31,28.8918
460,2015-09-01,27.7354
461,2015-09-02,28.2769
462,2015-09-03,28.3962
463,2015-09-04,27.6253
464,2015-09-08,28.6715
465,2015-09-09,28.5155
466,2015-09-10,28.3228
467,2015-09-11,28.2126
468,2015-09-14,28.075
469,2015-09-15,28.5889
470,2015-09-16,29.4792
471,2015-09-17,29.2773
472,2015-09-18,28.6256
473,2015-09-21,28.7817
474,2015-09-22,28.231
475,2015-09-23,28.2402
476,2015-09-24,28.1759
477,2015-09-25,28.1929
478,2015-09-28,27.3713
479,2015-09-29,27.2144
480,2015-09-30,27.6021
481,2015-10-01,27.7036
482,2015-10-02,28.1744
483,2015-10-05,28.4791
484,2015-10-06,28.3867
485,2015-10-07,29.7715
486,2015-10-08,30.0023
487,2015-10-09,30.2053
488,2015-10-12,30.233
489,2015-10-13,29.7253
490,2015-10-14,29.3191
491,2015-10-15,29.8822
492,2015-10-16,29.993
493,2015-10-19,29.7161
494,2015-10-20,29.5407
495,2015-10-21,30.1869
496,2015-10-22,30.5008
497,2015-10-23,31.23
498,2015-10-26,31.2023
499,2015-10-27,30.8146
500,2015-10-28,31.23
501,2015-10-29,30.4454
502,2015-10-30,30.5838
503,2015-11-02,30.7408
504,2015-11-03,30.6946
505,2015-11-04,29.6238
506,2015-11-05,30.2884
507,2015-11-06,30.0115
508,2015-11-09,30.0392
509,2015-11-10,30.15
510,2015-11-11,30.0669
511,2015-11-12,29.7438
512,2015-11-13,29.6607
513,2015-11-16,30.1038
514,2015-11-17,29.9376
515,2015-11-18,30.2884
516,2015-11-19,30.4177
517,2015-11-20,30.2607
518,2015-11-23,30.1407
519,2015-11-24,30.3623
520,2015-11-25,30.0946
521,2015-11-27,30.1223
522,2015-11-30,30.1684
523,2015-12-01,30.7592
524,2015-12-02,30.3992
525,2015-12-03,30.0207
526,2015-12-04,30.1777
527,2015-12-07,30.1223
528,2015-12-08,29.6884
529,2015-12-09,29.6884
530,2015-12-10,29.5961
531,2015-12-11,28.9868
532,2015-12-14,29.1253
533,2015-12-15,29.1068
534,2015-12-16,30.27
535,2015-12-17,29.8822
536,2015-12-18,29.4853
537,2015-12-21,29.6422
538,2015-12-22,29.6976
539,2015-12-23,29.8915
540,2015-12-24,29.9099
541,2015-12-28,29.922
542,2015-12-29,30.0985
543,2015-12-30,29.7549
544,2015-12-31,29.6527
545,2016-01-04,28.7797
546,2016-01-05,28.5569
547,2016-01-06,28.0832
548,2016-01-07,27.396
549,2016-01-08,26.8295
550,2016-01-11,27.266
551,2016-01-12,27.7582
552,2016-01-13,27.5817
553,2016-01-14,27.8232
554,2016-01-15,26.9595
555,2016-01-19,27.071
556,2016-01-20,26.2537
557,2016-01-21,25.6501
558,2016-01-22,26.6716
559,2016-01-25,25.8916
560,2016-01-26,25.8823
561,2016-01-27,25.6315
562,2016-01-28,25.3994
563,2016-01-29,25.0929
564,2016-02-01,25.7523
565,2016-02-02,25.6594
566,2016-02-03,24.74
567,2016-02-04,24.8329
568,2016-02-05,24.1549
569,2016-02-08,24.0063
570,2016-02-09,23.5141
571,2016-02-10,23.5234
572,2016-02-11,23.0777
573,2016-02-12,23.347
574,2016-02-16,24.0806
575,2016-02-17,24.3685
576,2016-02-18,24.3778
577,2016-02-19,24.0806
578,2016-02-22,24.2478
579,2016-02-23,23.7835
580,2016-02-24,23.6813
581,2016-02-25,23.8113
582,2016-02-26,24.2199
583,2016-02-29,23.8763
584,2016-03-01,24.805
585,2016-03-02,25.1765
586,2016-03-03,25.7894
587,2016-03-04,26.0309
588,2016-03-07,25.8823
589,2016-03-08,25.5851
590,2016-03-09,25.678
591,2016-03-10,25.6687
592,2016-03-11,26.2166
593,2016-03-14,25.9473
594,2016-03-15,25.6687
595,2016-03-16,25.4551
596,2016-03-17,25.7058
597,2016-03-18,25.613
598,2016-03-21,25.7058
599,2016-03-22,25.6222
600,2016-03-23,25.1115
601,2016-03-24,24.7864
602,2016-03-28,25.3863
603,2016-03-29,25.6297
604,2016-03-30,25.2272
605,2016-03-31,25.5922
606,2016-04-01,24.6093
607,2016-04-04,24.497
608,2016-04-05,23.9915
609,2016-04-06,24.3941
610,2016-04-07,24.0383
611,2016-04-08,24.7123
612,2016-04-11,24.4689
613,2016-04-12,25.4612
614,2016-04-13,26.1071
615,2016-04-14,26.1164
616,2016-04-15,25.7794
617,2016-04-18,26.0977
618,2016-04-19,26.6781
619,2016-04-20,26.5751
620,2016-04-21,26.4347
621,2016-04-22,26.8185
622,2016-04-25,26.8559
623,2016-04-26,26.8746
624,2016-04-27,26.65
625,2016-04-28,25.4893
626,2016-04-29,25.2365
627,2016-05-02,25.3769
628,2016-05-03,25.0493
629,2016-05-04,24.7778
630,2016-05-05,24.9276
631,2016-05-06,25.6765
632,2016-05-09,25.8637
633,2016-05-10,26.444
634,2016-05-11,25.7046
635,2016-05-12,25.845
636,2016-05-13,24.6
637,2016-05-16,25.3956
638,2016-05-17,25.1335
639,2016-05-18,25.0867
640,2016-05-19,24.8902
641,2016-05-20,25.0867
642,2016-05-23,24.937
643,2016-05-24,25.3114
644,2016-05-25,25.8356
645,2016-05-26,25.976
646,2016-05-27,25.4331
647,2016-05-31,26.1913
648,2016-06-01,25.9292
649,2016-06-02,25.5361
650,2016-06-03,25.3769
651,2016-06-06,25.4424
652,2016-06-07,25.5454
653,2016-06-08,25.6016
654,2016-06-09,25.171
655,2016-06-10,24.7123
656,2016-06-13,24.2724
657,2016-06-14,23.9635
658,2016-06-15,24.3753
659,2016-06-16,24.3004
660,2016-06-17,24.2911
661,2016-06-20,24.5906
662,2016-06-21,24.7217
663,2016-06-22,24.2724
664,2016-06-23,24.9276
665,2016-06-24,23.6546
666,2016-06-27,23.3795
667,2016-06-28,23.8138
668,2016-06-29,24.0876
669,2016-06-30,23.9177
670,2016-07-01,23.7194
671,2016-07-05,23.4644
672,2016-07-06,23.1151
673,2016-07-07,23.2095
674,2016-07-08,23.6911
675,2016-07-11,24.3426
676,2016-07-12,24.6164
677,2016-07-13,24.8147
678,2016-07-14,24.4842
679,2016-07-15,24.9941
680,2016-07-18,25.1546
681,2016-07-19,24.9941
682,2016-07-20,25.098
683,2016-07-21,25.4096
684,2016-07-22,25.3246
685,2016-07-25,25.3907
686,2016-07-26,25.4568
687,2016-07-27,25.6268
688,2016-07-28,25.4851
689,2016-07-29,25.6079
690,2016-08-01,25.7684
691,2016-08-02,26.486
692,2016-08-03,26.741
693,2016-08-04,27.1848
694,2016-08-05,27.3453
695,2016-08-08,27.5908
696,2016-08-09,27.5908
697,2016-08-10,27.4775
698,2016-08-11,27.7607
699,2016-08-12,27.5247
700,2016-08-15,27.6663
701,2016-08-16,27.6474
702,2016-08-17,28.214
703,2016-08-18,28.299
704,2016-08-19,28.9222
705,2016-08-22,29.2432
706,2016-08-23,28.875
707,2016-08-24,28.8938
708,2016-08-25,28.9127
709,2016-08-26,28.5445
710,2016-08-29,28.9127
711,2016-08-30,29.1771
712,2016-08-31,29.0921
713,2016-09-01,29.0638
714,2016-09-02,29.2338
715,2016-09-06,29.0544
716,2016-09-07,29.1582
717,2016-09-08,29.1205
718,2016-09-09,28.4123
719,2016-09-12,28.7144
720,2016-09-13,28.4217
721,2016-09-14,27.9685
722,2016-09-15,27.8363
723,2016-09-16,27.3075
724,2016-09-19,27.4114
725,2016-09-20,27.3642
726,2016-09-21,28.1101
727,2016-09-22,28.5067
728,2016-09-23,27.8457
729,2016-09-26,27.4114
730,2016-09-27,27.6153
731,2016-09-28,27.7293
732,2016-09-29,27.4061
733,2016-09-30,27.4917
734,2016-10-03,27.5772
735,2016-10-04,27.6248
736,2016-10-05,28.4233
737,2016-10-06,28.1286
738,2016-10-07,28.005
739,2016-10-10,28.1761
740,2016-10-11,27.7103
741,2016-10-12,27.8339
742,2016-10-13,27.7959
743,2016-10-14,27.9575
744,2016-10-17,27.7103
745,2016-10-18,28.062
746,2016-10-19,27.8339
747,2016-10-20,28.2046
748,2016-10-21,28.3187
749,2016-10-24,28.2236
750,2016-10-25,28.4423
751,2016-10-26,28.4613
752,2016-10-27,28.4708
753,2016-10-28,28.3472
754,2016-10-31,28.3567
755,2016-11-01,27.5962
756,2016-11-02,26.9783
757,2016-11-03,26.9879
758,2016-11-04,26.3414
759,2016-11-07,26.9118
760,2016-11-08,27.0259
761,2016-11-09,26.5506
762,2016-11-10,26.9498
763,2016-11-11,26.8548
764,2016-11-14,27.1114
765,2016-11-15,27.216
766,2016-11-16,27.1304
767,2016-11-17,27.5202
768,2016-11-18,27.292
769,2016-11-21,27.1875
770,2016-11-22,27.1114
771,2016-11-23,27.2635
772,2016-11-25,27.9575
773,2016-11-28,27.8339
774,2016-11-29,27.9575
775,2016-11-30,28.2712
776,2016-12-01,28.1571
777,2016-12-02,27.9194
778,2016-12-05,27.9765
779,2016-12-06,28.0525
780,2016-12-07,28.5373
781,2016-12-08,28.8225
782,2016-12-09,29.1172
783,2016-12-12,28.718
784,2016-12-13,28.8035
785,2016-12-14,28.5278
786,2016-12-15,28.699
787,2016-12-16,28.6419
788,2016-12-19,28.7085
789,2016-12-20,28.6704
790,2016-12-21,28.5373
791,2016-12-22,28.6799
792,2016-12-23,28.718
793,2016-12-27,28.607
794,2016-12-28,28.3102
795,2016-12-29,28.0325
796,2016-12-30,27.9464
797,2017-01-03,28.3485
798,2017-01-04,29.3537
799,2017-01-05,29.3537
800,2017-01-06,29.1718
801,2017-01-09,29.1335
802,2017-01-10,28.8176
803,2017-01-11,28.8942
804,2017-01-12,28.875
805,2017-01-13,28.7984
806,2017-01-17,28.3963
807,2017-01-18,28.7123
808,2017-01-19,29.0569
809,2017-01-20,29.1431
810,2017-01-23,29.0665
811,2017-01-24,29.0187
812,2017-01-25,29.4782
813,2017-01-26,29.4208
814,2017-01-27,28.7984
815,2017-01-30,28.674
816,2017-01-31,28.4538
817,2017-02-01,28.6836
818,2017-02-02,28.9325
819,2017-02-03,29.7367
820,2017-02-06,29.5548
821,2017-02-07,30.0431
822,2017-02-08,30.3782
823,2017-02-09,29.9952
824,2017-02-10,30.225
825,2017-02-13,30.7611
826,2017-02-14,30.6462
827,2017-02-15,30.4356
828,2017-02-16,30.158
829,2017-02-17,30.2633
830,2017-02-21,30.426
831,2017-02-22,30.5026
832,2017-02-23,30.2728
833,2017-02-24,30.1101
834,2017-02-27,29.909
835,2017-02-28,29.6505
836,2017-03-01,29.9569
837,2017-03-02,29.6697
838,2017-03-03,29.8229
839,2017-03-06,29.641
840,2017-03-07,29.7463
841,2017-03-08,29.6218
842,2017-03-09,29.6218
843,2017-03-10,29.7271
844,2017-03-13,29.7271
845,2017-03-14,29.4399
846,2017-03-15,29.8324
847,2017-03-16,29.8612
848,2017-03-17,29.7175
849,2017-03-20,29.6697
850,2017-03-21,29.4782
851,2017-03-22,29.3154
852,2017-03-23,29.4208
853,2017-03-24,29.4686
854,2017-03-27,29.4973
855,2017-03-28,29.706
856,2017-03-29,29.6867
857,2017-03-30,29.5517
858,2017-03-31,29.1757
859,2017-04-03,29.0503
860,2017-04-04,28.5683
861,2017-04-05,27.9898
862,2017-04-06,27.6909
863,2017-04-07,27.7391
864,2017-04-10,27.633
865,2017-04-11,27.7294
866,2017-04-12,27.5462
867,2017-04-13,27.4305
868,2017-04-17,27.6619
869,2017-04-18,27.3823
870,2017-04-19,27.1799
871,2017-04-20,27.4595
872,2017-04-21,27.498
873,2017-04-24,27.7873
874,2017-04-25,27.9223
875,2017-04-26,28.038
876,2017-04-27,27.9705
877,2017-04-28,28.0572
878,2017-05-01,28.038
879,2017-05-02,27.8548
880,2017-05-03,27.8837
881,2017-05-04,27.9512
882,2017-05-05,28.0958
883,2017-05-08,27.9608
884,2017-05-09,27.4498
885,2017-05-10,27.4595
886,2017-05-11,27.5752
887,2017-05-12,27.1124
888,2017-05-15,27.3148
889,2017-05-16,26.987
890,2017-05-17,26.4953
891,2017-05-18,26.6688
892,2017-05-19,26.6881
893,2017-05-22,26.746
894,2017-05-23,26.746
895,2017-05-24,26.9677
896,2017-05-25,26.6592
897,2017-05-26,26.6399
898,2017-05-30,26.7942
899,2017-05-31,26.9292
900,2017-06-01,27.2763
901,2017-06-02,27.6619
902,2017-06-05,27.1895
903,2017-06-06,27.2763
904,2017-06-07,27.2377
905,2017-06-08,27.122
906,2017-06-09,26.9388
907,2017-06-12,26.9774
908,2017-06-13,27.0738
909,2017-06-14,27.0449
910,2017-06-15,26.8906
911,2017-06-16,26.8617
912,2017-06-19,26.7556
913,2017-06-20,26.4278
914,2017-06-21,26.5821
915,2017-06-22,26.5821
916,2017-06-23,26.6592
917,2017-06-26,26.6206
918,2017-06-27,26.4741
919,2017-06-28,26.7074
920,2017-06-29,26.4255
921,2017-06-30,26.6199
922,2017-07-03,26.6393
923,2017-07-05,26.9989
924,2017-07-06,26.5519
925,2017-07-07,26.4935
926,2017-07-10,26.4352
927,2017-07-11,26.4352
928,2017-07-12,26.7268
929,2017-07-13,26.7074
930,2017-07-14,26.8531
931,2017-07-17,26.9406
932,2017-07-18,26.8823
933,2017-07-19,26.9503
934,2017-07-20,26.9212
935,2017-07-21,26.7462
936,2017-07-24,26.6393
937,2017-07-25,26.824
938,2017-07-26,26.824
939,2017-07-27,26.892
940,2017-07-28,26.8823
941,2017-07-31,27.2322
942,2017-08-01,28.0388
943,2017-08-02,28.0388
944,2017-08-03,27.8639
945,2017-08-04,27.5723
946,2017-08-07,27.3877
947,2017-08-08,27.271
948,2017-08-09,27.0864
949,2017-08-10,26.8045
950,2017-08-11,26.7851
951,2017-08-14,26.96
952,2017-08-15,26.8726
953,2017-08-16,26.9406
954,2017-08-17,26.5907
955,2017-08-18,26.7657
956,2017-08-21,26.7657
957,2017-08-22,27.0961
958,2017-08-23,26.9503
959,2017-08-24,26.9892
960,2017-08-25,27.1836
961,2017-08-28,27.0281
962,2017-08-29,27.0767
963,2017-08-30,26.8726
964,2017-08-31,27.3099
965,2017-09-01,27.4168
966,2017-09-05,27.2613
967,2017-09-06,27.2905
968,2017-09-07,27.4265
969,2017-09-08,27.6598
970,2017-09-11,28.0777
971,2017-09-12,28.379
972,2017-09-13,28.3984
973,2017-09-14,28.4081
974,2017-09-15,28.5151
975,2017-09-18,28.6025
976,2017-09-19,28.7094
977,2017-09-20,28.8163
978,2017-09-21,28.8941
979,2017-09-22,29.069
980,2017-09-25,29.0885
981,2017-09-26,29.3763
982,2017-09-27,29.4296
983,2017-09-28,29.2718
984,2017-09-29,29.1436
985,2017-10-02,29.3605
986,2017-10-03,29.7746
987,2017-10-04,29.6267
988,2017-10-05,29.6563
989,2017-10-06,29.6662
990,2017-10-09,29.6662
991,2017-10-10,29.8634
992,2017-10-11,29.8831
993,2017-10-12,29.7549
994,2017-10-13,29.8338
995,2017-10-16,29.9817
996,2017-10-17,29.9817
997,2017-10-18,30.031
998,2017-10-19,30.0112
999,2017-10-20,29.8042
1000,2017-10-23,29.9422
1001,2017-10-24,30.307
1002,2017-10-25,30.031
1003,2017-10-26,30.3662
1004,2017-10-27,30.4943
1005,2017-10-30,30.662
1006,2017-10-31,30.6521
1007,2017-11-01,31.4211
1008,2017-11-02,32.338
1009,2017-11-03,32.407
1010,2017-11-06,33.0479
1011,2017-11-07,33.0577
1012,2017-11-08,33.1662
1013,2017-11-09,32.5056
1014,2017-11-10,32.4662
1015,2017-11-13,32.3479
1016,2017-11-14,32.0324
1017,2017-11-15,31.707
1018,2017-11-16,32.1408
1019,2017-11-17,32.1605
1020,2017-11-20,32.4563
1021,2017-11-21,32.6535
1022,2017-11-22,32.6929
1023,2017-11-24,32.6634
1024,2017-11-27,32.5155
1025,2017-11-28,32.9296
1026,2017-11-29,32.7324
1027,2017-11-30,32.8704
1028,2017-12-01,32.9098
1029,2017-12-04,32.9296
1030,2017-12-05,32.7324
1031,2017-12-06,32.6634
1032,2017-12-07,32.8803
1033,2017-12-08,32.8211
1034,2017-12-11,32.8605
1035,2017-12-12,33.0479
1036,2017-12-13,33.2549
1037,2017-12-14,33.1859
1038,2017-12-15,33.2056
1039,2017-12-18,33.5507
1040,2017-12-19,33.7972
1041,2017-12-20,33.6394
1042,2017-12-21,33.6986
1043,2017-12-22,33.8169
1044,2017-12-26,33.9155
1045,2017-12-27,34.0681
1046,2017-12-28,33.9887
1047,2017-12-29,33.8299
1048,2018-01-02,34.227
1049,2018-01-03,34.5347
1050,2018-01-04,35.1998
1051,2018-01-05,35.3586
1052,2018-01-08,35.5373
1053,2018-01-09,35.2593
1054,2018-01-10,36.0137
1055,2018-01-11,35.8251
1056,2018-01-12,35.6663
1057,2018-01-16,35.4678
1058,2018-01-17,36.0634
1059,2018-01-18,35.5968
1060,2018-01-19,35.974
1061,2018-01-22,35.9145
1062,2018-01-23,36.2023
1063,2018-01-24,36.0634
1064,2018-01-25,35.6365
1065,2018-01-26,35.9443
1066,2018-01-29,35.7556
1067,2018-01-30,35.567
1068,2018-01-31,35.031
1069,2018-02-01,34.9119
1070,2018-02-02,35.8946
1071,2018-02-05,34.5942
1072,2018-02-06,35.8946
1073,2018-02-07,35.4082
1074,2018-02-08,34.1475
1075,2018-02-09,34.356
1076,2018-02-12,35.0112
1077,2018-02-13,34.3461
1078,2018-02-14,34.8126
1079,2018-02-15,35.2692
1080,2018-02-16,35.3784
1081,2018-02-20,35.3288
1082,2018-02-21,35.17
1083,2018-02-22,35.309
1084,2018-02-23,35.9145
1085,2018-02-26,36.4604
1086,2018-02-27,36.3115
1087,2018-02-28,35.8251
1088,2018-03-01,34.8623
1089,2018-03-02,34.5744
1090,2018-03-05,34.5247
1091,2018-03-06,34.6836
1092,2018-03-07,34.5049
1093,2018-03-08,34.6736
1094,2018-03-09,34.3957
1095,2018-03-12,34.7928
1096,2018-03-13,34.356
1097,2018-03-14,34.3461
1098,2018-03-15,34.4751
1099,2018-03-16,34.5049
1100,2018-03-19,33.8696
1101,2018-03-20,34.1674
1102,2018-03-21,34.2369
1103,2018-03-22,33.6909
1104,2018-03-23,32.6685
1105,2018-03-26,33.3931
1106,2018-03-27,33.4825
1107,2018-03-28,34.42
1108,2018-03-29,34.73
1109,2018-04-02,34.0
1110,2018-04-03,34.48
1111,2018-04-04,34.66
1112,2018-04-05,34.88
1113,2018-04-06,34.23
1114,2018-04-09,34.3
1115,2018-04-10,35.37
1116,2018-04-11,35.2
1117,2018-04-12,34.94
1118,2018-04-13,34.98
1119,2018-04-16,35.08
1120,2018-04-17,34.98
1121,2018-04-18,34.64
1122,2018-04-19,34.22
1123,2018-04-20,34.18
1124,2018-04-23,34.16
1125,2018-04-24,34.16
1126,2018-04-25,34.6
1127,2018-04-26,34.76
1128,2018-04-27,34.21
1129,2018-04-30,34.36
1130,2018-05-01,33.91
1131,2018-05-02,33.18
1132,2018-05-03,33.26
1133,2018-05-04,33.47
1134,2018-05-07,33.22
1135,2018-05-08,33.14
1136,2018-05-09,32.61
1137,2018-05-10,32.82
1138,2018-05-11,33.08
1139,2018-05-14,33.31
1140,2018-05-15,32.85
1141,2018-05-16,33.15
1142,2018-05-17,33.1
1143,2018-05-18,32.98
1144,2018-05-21,33.24
1145,2018-05-22,33.05
1146,2018-05-23,33.02
1147,2018-05-24,32.38
1148,2018-05-25,32.04
1149,2018-05-29,31.73
1150,2018-05-30,31.53
1151,2018-05-31,31.76
1152,2018-06-01,32.01
1153,2018-06-04,32.17
1154,2018-06-05,31.95
1155,2018-06-06,32.21
1156,2018-06-07,32.13
1157,2018-06-08,32.16
1158,2018-06-11,32.67
1159,2018-06-12,32.16
1160,2018-06-13,32.4
1161,2018-06-14,32.12
1162,2018-06-15,31.82
1163,2018-06-18,31.67
1164,2018-06-19,31.29
1165,2018-06-20,31.03
1166,2018-06-21,30.65
1167,2018-06-22,30.54
1168,2018-06-25,30.04
1169,2018-06-26,30.12
1170,2018-06-27,29.28
1171,2018-06-28,29.31
1172,2018-06-29,29.27
1173,2018-07-02,29.0
1174,2018-07-03,28.9
1175,2018-07-05,29.12
1176,2018-07-06,29.19
1177,2018-07-09,29.45
1178,2018-07-10,29.61
1179,2018-07-11,29.01
1180,2018-07-12,29.18
1181,2018-07-13,29.3
1182,2018-07-16,29.15
1183,2018-07-17,29.64
1184,2018-07-18,29.52
1185,2018-07-19,29.38
1186,2018-07-20,29.19
1187,2018-07-23,29.26
1188,2018-07-24,29.65
1189,2018-07-25,29.86
1190,2018-07-26,29.99
1191,2018-07-27,30.33
1192,2018-07-30,30.43
1193,2018-07-31,30.66
1194,2018-08-01,30.6
1195,2018-08-02,30.11
1196,2018-08-03,30.66
1197,2018-08-06,30.29
1198,2018-08-07,30.73
1199,2018-08-08,30.73
1200,2018-08-09,30.24
1201,2018-08-10,30.09
1202,2018-08-13,29.69
1203,2018-08-14,29.94
1204,2018-08-15,29.43
1205,2018-08-16,29.79
1206,2018-08-17,30.0
1207,2018-08-20,30.22
1208,2018-08-21,30.33
1209,2018-08-22,30.48
1210,2018-08-23,29.96
1211,2018-08-24,29.68
1212,2018-08-27,30.43
1213,2018-08-28,30.48
1214,2018-08-29,30.54
1215,2018-08-30,30.03
1216,2018-08-31,29.63
1217,2018-09-04,28.98
1218,2018-09-05,28.67
1219,2018-09-06,28.75
1220,2018-09-07,28.65
1221,2018-09-10,28.57
1222,2018-09-11,28.44
1223,2018-09-12,28.16
1224,2018-09-13,28.6
1225,2018-09-14,28.9
1226,2018-09-17,28.98
1227,2018-09-18,29.69
1228,2018-09-19,30.28
1229,2018-09-20,30.6
1230,2018-09-21,30.87
1231,2018-09-24,30.66
1232,2018-09-25,30.73
1233,2018-09-26,30.3
1234,2018-09-27,30.35
1235,2018-09-28,30.08
1236,2018-10-01,30.42
1237,2018-10-02,30.46
1238,2018-10-03,29.37
1239,2018-10-04,29.15
1240,2018-10-05,28.85
1241,2018-10-08,28.94
1242,2018-10-09,28.28
1243,2018-10-10,27.84
1244,2018-10-11,27.14
1245,2018-10-12,27.21
1246,2018-10-15,27.05
1247,2018-10-16,27.7
1248,2018-10-17,27.58
1249,2018-10-18,27.13
1250,2018-10-19,27.17
1251,2018-10-22,27.08
1252,2018-10-23,27.18
1253,2018-10-24,26.04
1254,2018-10-25,26.63
1255,2018-10-26,26.75
1256,2018-10-29,26.7
1257,2018-10-30,27.81
1258,2018-10-31,28.5
